Time,Subtitle,Machine Translation,Transliteration
3:32,发 发生什么了,What happened? There is,fā    fā shēng  shén me  le 
3:34,这么大动静,such a big noise. Who is,zhè me  dà  dòng jìng 
3:35,是何人飞升啊,ascending?,shì  hé rén  fēi shēng  a 
3:36,是哪位新贵飞升了,Which upstart has ascended? What a,shì  nǎ wèi  xīn guì  fēi shēng  le 
3:38,好大的阵仗,big scene!,hǎo dà  de  zhèn zhàng 
3:39,我的神宫啊 -平时有人飞升 最多也就震两下,"My temple - usually when someone ascends, there will be at most two earthquakes.",wǒ  de  shén gōng  a    -  píng shí  yǒu rén  fēi shēng    zuì duō  yě  jiù  zhèn  liǎng xià 
3:42,但今天这架势…… ,But the scene today... The,dàn  jīn tiān  zhè  jià shì  …  …   
3:43,天都快震塌了吧,sky is about to collapse.,tiān  dōu  kuài  zhèn tā  le  ba 
3:46,想必这飞升之人 定是天赋异禀 修为绝佳,"Presumably, the person who ascended must be gifted, with excellent cultivation, blessed by",xiǎng bì  zhè  fēi shēng  zhī  rén    dìng  shì  tiān fù  yì bǐng    xiū wèi  jué jiā 
3:49,吉人天相 运势惊人,"heaven, and amazing fortune. Incredible,",jí rén tiān xiàng    yùn shì  jīng rén 
3:51,了不得 了不得啊,incredible. Who,liǎo bù dé    liǎo bù dé  a 
3:53, 究竟是何方神圣,is he?,  jiū jìng  shì  hé fāng shén shèng 
3:54,几百年前 那仙乐太子飞升也是这般...,"Hundreds of years ago, the Prince of Xianle ascended in the same way...",jǐ bǎi nián  qián    nà  xiān lè  tài zi  fēi shēng  yě  shì  zhè bān  ... 
3:57,呸呸呸！提他做什么 -别提他了,Bah!  Why mention him? -Don't mention him. It's,pēi  pēi  pēi  ！  tí  tā  zuò  shén me    -  bié tí  tā  le 
3:59,晦气,bad luck.,huì qì 
4:01,走走走 去看看到底是何方神圣,"Let's go, let's go and see who this person is. Let's",zǒu  zǒu zǒu    qù  kàn kàn  dào dǐ  shì  hé fāng shén shèng 
4:04,走,go.,zǒu 
4:19,啊 还有完没完 怎么又是他,Is it never going to end? Why is it him again?,a    hái  yǒu wán méi wán    zěn me  yòu  shì  tā 
4:38,太子殿下 恭喜,"Congratulations, Your Highness the Crown Prince. You won the",tài zi  diàn xià    gōng xǐ 
4:40,一飞升就摘得本甲子 最盼望将其贬下凡间的神官榜 第一名,- first place in this sixty-year list of priests who are most hoped to be demoted to the mortal world,yī  fēi shēng  jiù  zhāi dé  běn  jiǎ zi    zuì  pàn wàng  jiāng  qí  biǎn xià  fán jiān  de  shén guān  bǎng    dì yì míng 
4:48,虽然是个第一 但好像也没什么可喜的,"as soon as you ascended. Although it is a first, it seems that there is nothing to be happy about. The",suī rán  shì  gè  dì yī    dàn  hǎo xiàng  yě  méi shén me  kě xǐ  de 
4:51, 本榜第一 可得一百功德,first place in this list can get 100 merits.,  běn  bǎng  dì yī    kě  dé  yì bǎi  gōng dé 
4:54,下次评选也请捎上我,Please take me with you in the next selection.,xià cì  píng xuǎn  yě  qǐng  shāo  shàng  wǒ 
4:56,那你知道第二名是谁吗,Then do you know who is the second place? It's,nà  nǐ  zhī dào  dì èr míng  shì  shuí  ma 
4:58,太难猜了,too difficult to guess. In terms of,tài  nán  cāi  le 
4:59,论实力 我一人应可包揽前三甲,"strength, I should be able to take the top three places. That's about it. There is",lùn  shí lì    wǒ  yī  rén  yīng  kě  bāo lǎn  qián sān jiǎ 
5:02,差不多了,-,chà bù duō  le 
5:03,没有第二名,no second place.,méi yǒu  dì èr míng 
5:05, 你一骑绝尘 望尘莫及,You are so far ahead that no one can catch up.,  nǐ  yī  qí  jué chén    wàng chén mò jí 
5:08,那上一甲子的榜首是谁,Then who was the top of the list in the last sixty years? There is no one,nà  shàng  yī jiǎ zi  de  bǎng shǒu  shì  shuí 
5:11,也没有,"either,",yě  méi yǒu 
5:12,因为这个榜是从今年,because this list has been opened since this year.,yīn wèi  zhè gè  bǎng  shì cóng  jīn nián 
5:14,准确来说 是从今天才开设的,"To be precise, it has been opened since today. Well, it",zhǔn què  lái shuō    shì cóng  jīn tiān  cái  kāi shè  de 
5:17,好吧 看来我运气不错 恰好赶上了,seems that I am lucky and I just happened to catch up. Do,hǎo  ba    kàn lái  wǒ  yùn qì  bù cuò    qià hǎo  gǎn shàng  le 
5:22,你知道自己为什么会夺魁吗,you know why you won the championship?,nǐ  zhī dào  zì jǐ  wèi shén me  huì  duó kuí  ma 
5:25,众望所归？,The popular choice?,zhòng wàng suǒ guī  ？ 
5:26,殿下 请看那个钟,"Your Highness, please look at that clock.",diàn xià    qǐng  kàn  nà gè  zhōng 
5:30,哪里有钟？,Where is the clock?  It's right that you,nǎ lǐ  yǒu  zhōng  ？ 
5:31,没看到就对了,didn't see it. There,méi  kàn dào  jiù  duì le 
5:34,那里本来有钟,"was a bell there originally,",nà lǐ  běn lái  yǒu  zhōng 
5:35, 但你飞升的时候把它震掉了,"but you shook it down when you ascended, and",  dàn  nǐ  fēi shēng  de  shí hòu  bǎ  tā  zhèn diào  le 
5:38,还砸了一位路过的神官,also hit a priest who passed by.,hái  zá  le  yī wèi  lù guò  de  shén guān 
5:41,那现在如何了,What's the situation now? It's,nà  xiàn zài  rú hé  le 
5:43,还在修,still being repaired.,hái  zài  xiū 
5:44,我是说那位神官,I mean that priest. The one who,wǒ  shì  shuō  nà wèi  shén guān 
5:46,被砸的是位武神 反手就把钟劈了,"was hit was a war god, who struck the bell with his backhand. Look at the golden",bèi  zá  de  shì  wèi  wǔ shén    fǎn shǒu  jiù  bǎ  zhōng  pī  le 
5:51,再看那边的金殿,"palace over there. Ah, you",zài  kàn  nà biān  de  jīn diàn 
5:54,啊 这次看到了 ,saw it this time. It's,a    zhè cì  kàn dào  le   
5:56,看到才不对,wrong to see it. There,kàn dào  cái  bù  duì 
5:58,那里本来什么都没有,was nothing there originally. You,nà lǐ  běn lái  shén me  dōu  méi yǒu 
5:59,你飞升的时候震毁了数座金殿,"destroyed several golden palaces when you ascended, and there",nǐ  fēi shēng  de  shí hòu  zhèn huǐ  le  shù zuò  jīn diàn 
6:02, 来不及修  只能临时搭几座凑合了,"was no time to repair them, so you could only build a few temporarily. Is the",  lái bù jí  xiū      zhǐ néng  lín shí  dā  jǐ zuò  còu hé  le 
6:06,责任在我？,responsibility mine?,zé rèn  zài  wǒ  ？ 
6:08,嗯 责任在你,"Well, the responsibility lies with you. Did",ń    zé rèn  zài  nǐ 
6:10,我是不是刚上来就把很多神官得罪了,n't I offend a lot of priests when I first came here? It,wǒ  shì bú shì  gāng  shàng lái  jiù  bǎ  hěn duō  shén guān  dé zuì  le 
6:14,也不是不能挽回,'s not that it can't be repaired.,yě  bú shì  bù néng  wǎn huí 
6:15,怎么挽回？,How can I make amends?,zěn me  wǎn huí  ？ 
6:17,八百八十八万功德,-,bā bǎi  bā shí bā wàn  gōng dé 
6:21,我知道 十分之一你都拿不出来,-,wǒ  zhī dào    shí fēn zhī yī  nǐ  dōu  ná  bù  chū lái 
6:24,就是万分之一 我也拿不出来啊,-,jiù shì  wàn fēn zhī yī    wǒ  yě  ná  bù  chū lái  a 
6:28,莫慌 车到山前必有路,-,mò huāng    chē dào shān qián bì yǒu lù 
6:31,我是船到桥头自然沉,-,wǒ  shì  chuán dào qiáo tóu  zì rán  chén 
6:34,我有一计 ,-,wǒ  yǒu  yī  jì   
6:35,进通灵阵的口令没忘吧,No problem. I know you can't even give me one tenth of the merits. I can't give you even one ten-thousandth. Don't panic. There will always be a way out when you reach the mountain. I am a boat that will sink when it reaches the bridge. I have a plan. Have you forgotten the password to enter the spiritual formation?,jìn tōng  líng zhèn  de  kǒu lìng  méi  wàng  ba 
6:38,嗯...,Um...,ń  ... 
6:45,有完没完！不会又是他吧,Is this the end?  : : : : : : : : : : : : : : :,yǒu wán méi wán  ！  bú huì  yòu  shì  tā  ba 
6:47,开盘下注买定离手,-,kāi pán  xià zhù  mǎi dìng lí shǒu 
6:49,诸位 都到齐了吗 -来赌这次我们太子殿下到底能坚持多久才会再下去,-,zhū wèi    dōu  dào  qí  le  ma    -  lái  dǔ  zhè cì  wǒ men  tài zi  diàn xià  dào dǐ  néng  jiān chí  duō jiǔ  cái  huì  zài  xià qù 
6:52,帝君北方有要务 -我赌一年 急需用人 -一年太长了,- -,dì jūn  běi fāng  yǒu  yào wù    -  wǒ  dǔ  yī nián    jí xū  yòng rén    -  yī nián  tài  zhǎng  le 
6:56,不知哪位武神殿下能从殿里拨两名武官过来,-,bù zhī  nǎ wèi  wǔ  shén diàn  xià néng  cóng  diàn lǐ  bō  liǎng míng  wǔ guān  guò lái 
7:02,听说帝君现下不在北方,-,tīng shuō  dì jūn  xiàn xià  bù  zài  běi fāng 
7:04, 灵文殿……怕是替谁借人吧,-,  líng wén diàn  …  …  pà  shì  tì  shuí  jiè  rén  ba 
7:07,殿下 要快速获取功德 不是没有办法,-,diàn xià    yào  kuài sù  huò qǔ  gōng dé    bú shì  méi yǒu  bàn fǎ 
7:13,近来北方有一批大信徒频频请愿 ,-,jìn lái  běi fāng  yǒu  yī pī  dà  xìn tú  pín pín  qǐng yuàn   
7:17, 求天官下凡以平妖鬼之祟,-,  qiú  tiān guān  xià fán  yǐ  píng  yāo guǐ  zhī  suì 
7:21,目下帝君顾不上北方,-,mù xià  dì jūn  gù bù shàng  běi fāng 
7:25,明光将军也有事在身,-,míng guāng  jiāng jūn  yě  yǒu shì  zài  shēn 
7:27,若殿下能代为去一趟,-,ruò  diàn xià  néng  dài wéi  qù yī tàng 
7:30, 则届时所获功德 将尽数奉于你坛上,- -,  zé  jiè shí  suǒ  huò  gōng dé    jiāng  jìn shù  fèng yú  nǐ  tán  shàng 
7:35,这不是太子殿下吗,-,zhè  bú shì  tài zi  diàn xià  ma 
7:38,多少回了 -没完没了啊,-,duō shǎo  huí  le    -  méi wán méi liǎo  a 
7:39,他怎么又飞升了,-,tā  zěn me  yòu  fēi shēng  le 
7:40,殿下这是又回来了,-,diàn xià  zhè  shì  yòu  huí lái  le 
7:42,都第三次了,-,dōu  dì sān cì  le 
7:43,就是啊 -我赌他这次撑不了一年,-,jiù shì  a    -  wǒ  dǔ  tā  zhè cì  chēng  bù liǎo  yī nián 
7:46,一年也太长了吧 -上次他一炷香的时间就下去了,-,yī nián  yě  tài  zhǎng  le  ba    -  shàng cì  tā  yī zhù xiāng  de  shí jiān  jiù  xià qù  le 
7:48, 我赌三天,-,  wǒ  dǔ  sān tiān 
7:53,刚才灵文殿说帝君要借人 ,-,gāng cái  líng wén diàn  shuō  dì jūn  yào  jiè  rén   
7:55,莫不是给太子殿下借的吧,-,mò bú shì  gěi  tài zi  diàn xià  jiè  de  ba 
7:57, 肯定是 现在最缺人的 就是他谢怜了,-,  kěn dìng  shì    xiàn zài  zuì  quē  rén  de    jiù shì  tā  xiè lián  le 
8:01,无香火 无宫观 无信徒 -三无神官 三界笑柄,-,wú  xiāng huǒ    wú  gōng guān    wú  xìn tú    -  sān wú  shén guān    sān jiè  xiào bǐng 
8:06,你看 我说借不来人吧,-,nǐ  kàn    wǒ  shuō  jiè  bù  lái  rén  ba 
8:10,大家好 我又回来了,-,dà jiā  hǎo    wǒ  yòu  huí lái  le 
8:13,殿下这次飞升 真是好大的阵仗啊,- -,diàn xià  zhè cì  fēi shēng    zhēn shì  hǎo  dà  de  zhèn zhàng  a 
8:18,还好,-,hái hǎo 
8:19,太子殿下是好 我就不太好了,- -,tài zi  diàn xià  shì  hǎo    wǒ  jiù  bù tài hǎo  le 
8:22,殿下 那个钟,-,diàn xià    nà gè  zhōng 
8:26,钟的事我听说了 砸到你真是万分抱歉,-,zhōng  de  shì  wǒ  tīng shuō  le    zá  dào  nǐ  zhēn shì  wàn fēn  bào qiàn 
8:30,请问…阁下怎么称呼,-,qǐng wèn  …  gé xià  zěn me  chēng hū 
8:35,殿下这都忘了,-,diàn xià  zhè  dōu  wàng  le 
8:37,失忆了,-,shī yì  le 
8:38,殿下 那是玄真,-,diàn xià    nà  shì  xuán zhēn 
8:40,玄 玄真？他是慕情？,Is he Mu Qing?,xuán    xuán zhēn  ？  tā  shì  mù  qíng  ？ 
8:44,是谁拆了我的金殿,Who demolished my golden palace?,shì  shuí  chāi  le  wǒ  de  jīn diàn 
8:49,滚出来,Get out! It was,gǔn chū lái 
8:51,你拆的？,you who demolished it?  : : : : : : : : : : : : : : :,nǐ  chāi  de  ？ 
8:52,好 给我等着,-,hǎo    gěi  wǒ  děng  zhe 
8:54,拆你金殿的人就在这儿,-,chāi  nǐ  jīn diàn  de  rén  jiù  zài  zhè ér 
8:56, 自己问呗,-,  zì jǐ  wèn  bei 
9:00,是我 对不起,-,shì  wǒ    duì bù qǐ 
9:04,殿下 那是南阳,-,diàn xià    nà  shì  nán yáng 
9:06,我知道 可他好像没认出我,-,wǒ  zhī dào    kě  tā  hǎo xiàng  méi  rèn chū  wǒ 
9:10,不 他只是多在凡间 不知你又飞升了,-,bù    tā  zhǐ shì  duō  zài  fán jiān    bù zhī  nǐ  yòu  fēi shēng  le 
9:14,诸位 非常抱歉,-,zhū wèi    fēi cháng  bào qiàn 
9:16,所有损失我会尽数奉还,-,suǒ yǒu  sǔn shī  wǒ huì  jìn shù  fèng huán 
9:19,还望给我一点时间,-,hái wàng  gěi  wǒ  yì diǎn  shí jiān 
9:20,哼 ,-,hēng   
9:21,太子殿下 最好是说话算话,-,tài zi  diàn xià    zuì hǎo  shì  shuō huà suàn huà 
9:25,还有公务在身 ,-,hái yǒu  gōng wù zài shēn   
9:26,没其他事的话 就先告辞了,-,méi  qí tā  shì  de huà    jiù xiān  gào cí  le 
9:30,我还有事 -我先撤了,-,wǒ  hái yǒu  shì    -  wǒ  xiān  chè  le 
9:31,溜了溜了 -我也走了 -我也是,-,liū  le  liū  le    -  wǒ  yě  zǒu  le    -  wǒ  yě  shì 
9:39,抱歉 ,-,bào qiàn   
9:40,要是玄真没说话 本可以借到人的,-,yào shì  xuán zhēn  méi  shuō huà    běn  kě yǐ  jiè dào  rén  de 
9:44, 没事 我一个人习惯了,-,  méi shì    wǒ  yí gè  rén  xí guàn  le 
9:46,那你需要法宝吗,-,nà  nǐ  xū yào  fǎ bǎo  ma 
9:48,也不用,-,yě  bù yòng 
9:49,我被贬两次 法力尽失 ,-,wǒ  bèi biǎn  liǎng cì    fǎ lì  jǐn shī   
9:51,到了凡间便用不了法宝,-,dào  le  fán jiān  biàn  yòng  bù liǎo  fǎ bǎo 
9:54,好吧,-,hǎo  ba 
9:54,此事关系重大,-,cǐ shì  guān xì  zhòng dà 
9:56,还请殿下务必谨慎行事,-,hái  qǐng  diàn xià  wù bì  jǐn shèn  xíng shì 
10:00,若遇难处 可随时联系,-,ruò  yù nàn  chù    kě  suí shí  lián xì 
10:03, 灵文殿会尽全力支持,-,  líng wén diàn  huì  jìn quán lì  zhī chí 
10:06,任务详情在此,-,rèn wù  xiáng qíng  zài  cǐ 
10:09,太子殿下 可还有疑问,-,tài zi  diàn xià    kě  hái yǒu  yí wèn 
10:13,灵文 这次谢谢你了,-,líng wén    zhè cì  xiè xiè  nǐ  le 
10:17,我只负责办事,-,wǒ  zhǐ  fù zé  bàn shì 
10:19, 要谢便等帝君回来  你亲自谢他,- -,  yào  xiè biàn  děng  dì jūn  huí lái      nǐ  qīn zì  xiè  tā 
10:24,好,-,hǎo 
10:31,那便预祝殿下 此去一帆风顺 ,-,nà  biàn  yù zhù  diàn xià    cǐ qù  yī fán fēng shùn   
10:36,天官赐福,-,tiān guān cì fú 
10:41,百无禁忌,-,bǎi wú jìn jì 
10:57,听说了吗 与君山上又出事了,-,tīng shuō  le  ma    yǔ  jūn shān  shàng  yòu  chū shì  le 
10:59,啊？又失踪一个,Another one is missing. That's,a  ？  yòu  shī zōng  yí gè 
11:01,可不是嘛,right.,kě bú shì  ma 
11:02,哎哟 什么时候是个头啊,"Oh, when will it end?",āi yō    shén me  shí hòu  shì  gè tóu  a 
11:04,又一个姑娘遭殃了,Another girl is in trouble.,yòu  yí gè  gū niáng  zāo yāng  le 
11:15,客官里边请,"Sir, please come in and",kè guān  lǐ biān  qǐng 
11:18,您请坐,have,nín  qǐng  zuò 
11:26,一壶茶 谢谢,"a seat. A pot of tea, thank you.",yī  hú  chá    xiè xiè 
11:27,诶,"Hey, may I",éi 
11:28,请问,ask if there are,qǐng wèn 
11:30, 近来附近可有什么怪事发生,any strange things happening nearby recently?,  jìn lái  fù jìn  kě  yǒu  shén me  guài shì  fā shēng 
11:32,这…非礼勿言非礼勿言,This... Don't say anything inappropriate.,zhè  …  fēi lǐ  wù yán  fēi lǐ  wù yán 
11:53,太子殿下,"Your Highness, Your",tài zi  diàn xià 
11:55,太子殿下？,Highness?,tài zi  diàn xià  ？ 
11:57,灵文？,Spiritual text?  Your,líng wén  ？ 
11:58,殿下 好消息,"Highness, good news.",diàn xià    hǎo xiāo xī 
12:00,中天庭有两位小神官愿来助你一臂之力 ,There are two young priests in the Central Heaven who are willing to lend a hand to you.,zhōng  tiān tíng  yǒu  liǎng wèi  xiǎo  shén guān  yuàn  lái zhù  nǐ  yī bì zhī lì   
12:04,这会儿人应该到了吧,"They should be here by now, right,",zhè huì er  rén  yīng gāi  dào  le  ba 
12:07,小神官？,young priests?,xiǎo  shén guān  ？ 
12:13,灵文啊 ,"Lingwen,",líng wén  a   
12:14, 他们不像来助我行事,"they don't seem to be here to help me,",  tā men  bù  xiàng  lái zhù  wǒ  xíng shì 
12:16,更像来取我狗头,but more like to take my head.,gèng  xiàng  lái qǔ  wǒ  gǒu tóu 
12:18,你莫不是把人家诳了过来,"Did you trick them here,",nǐ  mò bú shì  bǎ  rén jiā  kuáng  le  guò lái 
12:20,灵文？灵文？,Lingwen?  Spiritual text?  May,líng wén  ？  líng wén  ？ 
12:35,请问 二位是？,I ask who you two are?,qǐng wèn    èr wèi  shì  ？ 
12:37,南风,Nanfeng,nán fēng 
12:38,扶摇,"Fuyao, I'm",fú yáo 
12:38,不是问你们名字啊,not asking for your names.,bú shì  wèn  nǐ men  míng zì  a 
12:40,多谢二位肯来相助,Thank you both for coming to help. May I,duō xiè  èr wèi  kěn  lái  xiāng zhù 
12:42,敢问二位来自哪位殿下座下,ask which palace you are from?,gǎn  wèn  èr wèi  lái zì  nǎ wèi  diàn xià  zuò  xià 
12:45,南阳殿,"Nanyang Palace,",nán yáng  diàn 
12:45,玄真殿,"Xuanzhen Palace,",xuán zhēn diàn 
12:49,所 所以 是你们家将军派 你们来的？,so was it your general who sent you here?  : : : : : : : : : : : : : : :,suǒ    suǒ yǐ    shì  nǐ men  jiā  jiāng jūn  pài    nǐ men  lái  de  ？ 
12:53,我家将军不知此事,-,wǒ jiā  jiāng jūn  bù zhī  cǐ shì 
12:55,我家将军也不知,-,wǒ jiā  jiāng jūn  yě  bù zhī 
12:59,那你们…知道我是谁吗,-,nà  nǐ men  …  zhī dào  wǒ  shì  shuí  ma 
13:02, 你是太子殿下,-,  nǐ  shì  tài zi  diàn xià 
13:04,你是人间正道,-,nǐ  shì  rén jiān zhèng dào 
13:06, 你是世界中心,-,  nǐ  shì  shì jiè  zhōng xīn 
13:08,他是不是翻了个白眼,-,tā  shì bú shì  fān  le  gè  bái yǎn 
13:10,是 让他滚,-,shì    ràng  tā  gǔn 
13:12,凭什么 要滚你滚,-,píng  shén me    yào  gǔn  nǐ  gǔn 
13:18,等一下 等一下,-,děng  yī xià    děng  yī xià 
13:20,你们真是自愿吗,-,nǐ men  zhēn shì  zì yuàn  ma 
13:21,此事不必勉强,-,cǐ shì  bù bì  miǎn qiǎng 
13:24,我·自·愿,-,wǒ  ·  zì  ·  yuàn 
13:29,那言归正传,-,nà  yán guī zhèng zhuàn 
13:30,这与君山附近 有一个传说,-,zhè  yǔ  jūn shān  fù jìn    yǒu  yí gè  chuán shuō 
13:33,说山里住着一个诡新郎,-,shuō  shān lǐ  zhù  zhe  yí gè  guǐ  xīn láng 
13:35,面貌丑陋 行踪诡异,-,miàn mào  chǒu lòu    xíng zōng  guǐ yì 
13:38,专抢出嫁的新娘,-,zhuān  qiǎng  chū jià  de  xīn niáng 
13:40,过去近百年间 ,-,guò qù  jìn bǎi  nián jiān   
13:42,已有十七名新娘失踪,-,yǐ yǒu  shí qī míng  xīn niáng  shī zōng 
13:44,上百名送亲人遇难,-,shàng  bǎi míng  sòng  qīn rén  yù nàn 
13:47,这事原本传不到天上,-,zhè  shì  yuán běn  chuán bú dào  tiān shàng 
13:49,但恰恰第十七位新娘  父亲是个官老爷 ,- -,dàn  qià qià  dì shí qī  wèi  xīn niáng      fù qīn  shì  gè  guān lǎo yé   
13:53,当初风闻此地传说,-,dāng chū  fēng wén  cǐ dì  chuán shuō 
13:54,精心挑选了四十名勇武绝伦的随侍 护送爱女成亲,- -,jīng xīn  tiāo xuǎn  le  sì shí míng  yǒng wǔ  jué lún  de  suí shì    hù sòng  ài nǚ  chéng qīn 
13:59,偏偏女儿还是没了,-,piān piān  nǚ ér  hái shì  méi  le 
14:01,那官老爷爱女如命,-,nà  guān lǎo yé  ài nǚ  rú  mìng 
14:03,暴怒之下 联合一众官朋友,-,bào nù zhī xià    lián hé  yī  zhòng guān  péng yǒu 
14:06,倾尽全力祈福请愿,-,qīng jìn quán lì  qí fú  qǐng yuàn 
14:08,还重金悬赏诡新郎,-,hái  zhòng jīn  xuán shǎng  guǐ  xīn láng 
14:10,搞得整个北方不得安宁,-,gǎo  dé  zhěng gè  běi fāng  bù dé  ān níng 
14:12,这才惊动了上边的神官,-,zhè  cái  jīng dòng  le  shàng biān  de  shén guān 
14:15,我们此次的目标,-,wǒ men  cǐ cì  de  mù biāo 
14:16,便是抓到这诡新郎,-,biàn shì  zhuā dào  zhè  guǐ  xīn láng 
14:18,失踪新娘可有共同之处,-,shī zōng  xīn niáng  kě  yǒu  gòng tóng zhī chù 
14:21,有穷有富 有美有丑 有妻有妾,-,yǒu qióng  yǒu fù    yǒu  měi  yǒu  chǒu    yǒu  qī  yǒu  qiè 
14:26,一言蔽之 毫无规律,-,yī yán bì zhī    háo wú  guī lǜ 
14:29,有谁见过这诡新郎,-,yǒu  shuí  jiàn  guò  zhè  guǐ  xīn láng 
14:31,并无,-,bìng  wú 
14:34,既无人见过 你又怎知是诡新郎 不是别的什么,-,jì  wú rén  jiàn  guò    nǐ  yòu  zěn zhī  shì  guǐ  xīn láng    bú shì  bié de  shén me 
14:37,诡新郎只是一个叫法 ,-,guǐ  xīn láng  zhǐ shì  yí gè  jiào fǎ   
14:39,不过你说的有理,-,bù guò  nǐ  shuō  de  yǒu lǐ 
14:41,天色不早了,-,tiān sè  bù zǎo le 
14:43,先找个落脚地再讨论吧,-,xiān  zhǎo  gè  luò jiǎo  dì  zài  tǎo lùn  ba 
14:48,谁家的姑娘啊... -在这个当口送亲啊,-,shuí jiā  de  gū niáng  a  ...    -  zài  zhè gè  dāng  kǒu  sòng qīn  a 
14:51,那是…,-,nà  shì  … 
14:57,还有人不怕死 敢来送亲 都被抓走了,- -,hái yǒu  rén  bù pà sǐ    gǎn  lái  sòng qīn    dōu  bèi  zhuā zǒu  le 
15:13,这些人不对劲,-,zhè xiē  rén  bú duì jìn 
15:15,去看看,-,qù  kàn kàn 
15:16,你们快住手,-,nǐ men  kuài  zhù shǒu 
15:17,快停下来,-,kuài  tíng xià lái 
15:18,什么人,-,shén me  rén 
15:21,让开,-,ràng kāi 
15:23,姑娘 他们只想用你引出诡新郎,-,gū niáng    tā men  zhǐ  xiǎng  yòng  nǐ  yǐn chū  guǐ  xīn láng 
15:26,你莫要被骗了,-,nǐ  mò  yào  bèi  piàn  le 
15:27,让开,-,ràng kāi 
15:33,是个假的,-,shì  gè  jiǎ  de 
15:35,哼 好啊 又是你,-,hēng    hǎo  a    yòu  shì  nǐ 
15:38,你这臭婆娘 总坏老子好事,-,nǐ  zhè  chòu  pó niáng    zǒng huài  lǎo zi  hǎo shì 
15:42,要是你肯扮新娘,-,yào shì  nǐ  kěn bàn  xīn niáng 
15:45,老子也不会弄块儿木头作饵,-,lǎo zi  yě  bú huì  nòng  kuài ér  mù tou  zuò ěr 
15:47,好丑的丫头,-,hǎo chǒu  de  yā tou 
15:49,扶摇 不能这样说女孩子,-,fú yáo    bù néng  zhè yàng  shuō  nǚ hái zi 
15:51,那不是小彭头和小萤姑娘吗,-,nà  bú shì  xiǎo  péng  tóu  hé  xiǎo  yíng  gū niáng  ma 
15:53,还真是,-,hái  zhēn shì 
15:54,这个小彭头 成天带着一群泼皮,-,zhè gè  xiǎo  péng  tóu    chéng tiān  dài  zhe  yī qún  pō pí 
15:57,整些歪门邪道的,-,zhěng xiē  wāi mén xié dào  de 
15:59,最近又盯上官老爷的悬赏 ,-,zuì jìn  yòu  dīng shàng  guān lǎo yé  de  xuán shǎng   
16:01,要抓什么诡新郎,-,yào  zhuā  shén me  guǐ  xīn láng 
16:03,你 你们别听他的,-,nǐ    nǐ men  bié  tīng  tā  de 
16:04, 与君山那么危险 不要去,-,  yǔ  jūn shān  nà me  wēi xiǎn    bú yào  qù 
16:07,他 他只是想要赏金,-,tā    tā  zhǐ shì  xiǎng yào  shǎng jīn 
16:09,嘁！拿点钱怎么了,What's wrong with taking some money? Are,qī  ！  ná  diǎn  qián  zěn me  le 
16:10,大家伙儿不也顺道为民除害了吗,n't we also helping the people get rid of harm?,dà jiā huo ér  bù  yě  shùn dào  wèi mín chú hài  le  ma 
16:13,可不！这钱还少了呢,"Of course!  This money is still short,",kě bù  ！  zhè  qián  hái  shǎo  le  ne 
16:15,但 但这不是在送死吗,"but, aren't you courting death? We asked you to",dàn    dàn  zhè  bú shì  zài  sòng sǐ  ma 
16:18,之前让你假扮新娘子 你不肯,"pretend to be the bride before, but you refused.",zhī qián  ràng  nǐ  jiǎ bàn  xīn niáng zi    nǐ  bù kěn 
16:20,现在我们要去抓人 ,Now we are going to arrest someone and,xiàn zài  wǒ men  yào  qù  zhuā  rén   
16:22,你又来拦路,you come to block our way.,nǐ  yòu  lái  lán lù 
16:23,你到底什么意思,What do,nǐ  dào dǐ  shén me  yì sī 
16:24,就是 你说呀,you,jiù shì    nǐ  shuō  ya 
16:25,什么意思你 -这么不想让人去,"mean? Tell me, what do you mean? -You don't want anyone to go so much? It turns out that the",shén me  yì sī  nǐ    -  zhè me  bù xiǎng  ràng  rén  qù 
16:27,敢情那诡新郎是你的相好啊 -你胡说什么,weird groom is your lover. -What nonsense are you talking about?,gǎn qíng  nà  guǐ  xīn láng  shì  nǐ  de  xiāng hǎo  a    -  nǐ  hú shuō  shén me 
16:30, 你隔三差五就往与君山里跑 ,You go to Yujun Mountain every now and then.,  nǐ  gé sān chà wǔ  jiù wǎng  yǔ  jūn shān  lǐ  pǎo   
16:33,大伙都看到了吧,"Everyone has seen it, right? Ah,",dà huǒ  dōu  kàn dào  le  ba 
16:34,啊 这... -就是,this...,a    zhè  ...    -  jiù shì 
16:35,老实交代 ,"-Tell me the truth,",lǎo shí  jiāo dài   
16:37,你的相好在哪儿,-,nǐ  de  xiāng hǎo  zài  nǎ ér 
16:37,我不知道,I don't know who your lover is.,wǒ  bù  zhī dào 
16:39,你…你们别过来,"You...Don't come over here, you are",nǐ  …  nǐ men  bié guò lái 
16:49,欺人太甚,going too far. I,qī rén tài shèn 
16:53,听说这诡新郎满脸绷带 奇丑无比,heard that this weird groom has bandages all over his face and is extremely ugly.,tīng shuō  zhè  guǐ  xīn láng  mǎn liǎn  bēng dài    qí chǒu wú bǐ 
16:56,跟你还...,You even...,gēn  nǐ  hái  ... 
17:05,你 你是什么人,"you, who are you?",nǐ    nǐ  shì  shén me  rén 
17:10,哼,"Humph,",hēng 
17:11,这人使妖法！给我上,"this man uses magic!  Give me the top,",zhè rén  shǐ  yāo fǎ  ！  gěi  wǒ  shàng 
17:30,嗯？来呀,"huh?  Come on, let's",ń  ？  lái  ya 
17:32,不打了,not fight anymore.,bù  dǎ  le 
17:33,今天算你赢 你别得意,You win today. Don't be so proud. Let's,jīn tiān  suàn  nǐ  yíng    nǐ  bié  dé yì 
17:35,咱们走着瞧,wait and see.,zán men  zǒu zhe qiáo 
17:44,柱子记得赔啊,Remember to compensate Zhuzi. Got it.,zhù zi  jì de  péi  a 
17:46,知道了,-,zhī dào  le 
17:49,姑娘 可有受伤,"Girl, are",gū niáng    kě  yǒu  shòu shāng 
17:53,你 你要干什么,"you injured? What are you going to do,",nǐ    nǐ  yào  gàn shén me 
17:59,姑娘 你,girl? You,gū niáng    nǐ 
18:00,啊！流氓,!,a  ！  liú máng 
18:05,你裙子破了,"You rascal, your skirt is torn,",nǐ  qún zi  pò  le 
18:10,所以 以后少管闲事,"so in the future, don't mind your own business.",suǒ yǐ    yǐ hòu  shǎo guǎn xián shì 
18:12,主动帮忙还倒挨一耙 全天下也只有你了,"You are the only one in the world who offers to help but gets blamed. Okay, the bill is",zhǔ dòng  bāng máng  hái  dào  āi  yī  bà    quán  tiān xià  yě  zhǐ yǒu  nǐ  le 
18:16,行 账清了 你们走吧,"settled, you can go now.",xíng    zhàng  qīng  le    nǐ men  zǒu  ba 
18:20,谢谢掌柜,"Thank you, boss. By the",xiè xiè  zhǎng guì 
18:22,对了 不知离这最近的明光庙怎么走,"way, I don't know how to get to the nearest Mingguang Temple,",duì  le    bù zhī  lí  zhè  zuì jìn  de  míng guāng  miào  zěn me  zǒu 
18:25,明光庙？我们这没有明光庙,"Mingguang Temple?  We don’t have a Mingguang Temple here, right",míng guāng  miào  ？  wǒ men  zhè  méi yǒu  míng guāng  miào 
18:29,没有？,?  : : : : : : : : : : : : : : :  Is everything,méi yǒu  ？ 
18:31,怎么会,-,zěn me  huì 
18:32,不过…倒有一间南阳庙,-,bù guò  …  dào yǒu  yī jiān  nán yáng  miào 
18:36, 离这儿五里地,-,  lí  zhè ér  wǔ lǐ  dì 
18:37,出了城右转就是了,-,chū  le  chéng  yòu zhuǎn  jiù shì  le 
18:51,奇怪 北方明明是明光将军的地盘,-,qí guài    běi fāng  míng míng  shì  míng guāng  jiāng jūn  de  dì pán 
18:54,却竟然只有南阳庙,-,què  jìng rán  zhǐ yǒu  nán yáng  miào 
19:00,南阳真君主东南 在北方的香火竟也这般旺盛啊,-,nán yáng  zhēn  jūn zhǔ  dōng nán    zài  běi fāng  de  xiāng huǒ  jìng  yě  zhè bān  wàng shèng  a 
19:04,哼,-,hēng 
19:05,不错不错 深受爱戴,-,bù cuò  bù cuò    shēn shòu  ài dài 
19:08,但我有个疑问 不知,-,dàn  wǒ  yǒu gè  yí wèn    bù zhī 
19:10,不知当讲不当讲 那就不要讲,-,bù zhī  dāng  jiǎng  bù dàng  jiǎng    nà  jiù  bú yào  jiǎng 
19:14,其实我想说 不知有谁能解答,-,qí shí  wǒ  xiǎng  shuō    bù zhī  yǒu  shuí  néng  jiě dá 
19:17,太子殿下是不是想问南阳庙的典故,-,tài zi  diàn xià  shì bú shì  xiǎng  wèn  nán yáng  miào  de  diǎn gù 
19:20,典故,-,diǎn gù 
19:21,你闭嘴,-,nǐ  bì zuǐ 
19:22,哼,-,hēng 
19:23,很久以前 南阳将军曾叫俱阳将军 ,-,hěn jiǔ yǐ qián    nán yáng  jiāng jūn  céng  jiào  jù yáng  jiāng jūn   
19:27,可那时有个糊涂的国君 错把俱阳写成臣阳,-,kě  nà shí  yǒu gè  hú tú  de  guó jūn    cuò  bǎ  jù yáng  xiě chéng  chén yáng 
19:33,全天下的俱阳庙都改了名 ,-,quán  tiān xià  de  jù yáng miào  dōu  gǎi  le  míng   
19:37,就这么一传十十传百,-,jiù  zhè me  yī chuán shí  shí chuán bǎi 
19:41,错字早已修正,-,cuò zì  zǎo yǐ  xiū zhèng 
19:42,有什么用呢,-,yǒu  shén me  yòng  ne 
19:43,时至今日 来南阳庙的依然是女客居多吧,-,shí zhì jīn rì    lái  nán yáng  miào  de  yī rán  shì  nǚ kè  jū duō  ba 
19:47,还一个个含羞带怯 小脸通红,-,hái  yí gè gè  hán xiū  dài  qiè    xiǎo  liǎn  tòng hóng 
19:50,少阴阳怪气,-,shǎo  yīn yáng guài qì 
19:52,闲得慌就扫地去,-,xián  dé  huāng  jiù  sǎo dì  qù 
19:55,你说什么,-,nǐ  shuō  shén me 
19:56,哼 ,-,hēng   
19:57,当年你家将军不就是给太子殿下端茶送水 扫地铺床的么,-,dāng nián  nǐ jiā  jiāng jūn  bù  jiù shì  gěi  tài zi  diàn xià  duān chá  sòng shuǐ    sǎo dì  pū chuáng  de me 
20:01,听你这话说的 还以为南阳殿多为太子殿下打抱不平呢,-,tīng  nǐ  zhè huà  shuō  de    hái  yǐ wéi  nán yáng  diàn  duō  wèi  tài zi  diàn xià  dǎ bào bù píng  ne 
20:07,你家将军倒确实忘恩负义,-,nǐ jiā  jiāng jūn  dào  què shí  wàng ēn fù yì 
20:09,太子当年飞升 还点了他的将,-,tài zi  dāng nián  fēi shēng    hái diǎn  le  tā  de  jiāng 
20:11,结果太子被贬 他立刻过河拆桥 ,-,jié guǒ  tài zi  bèi biǎn    tā  lì kè  guò hé chāi qiáo   
20:14,还不许人提这段丑事,-,hái  bù xǔ  rén  tí  zhè duàn  chǒu shì 
20:15,你家将军也不过五十步笑百步,-,nǐ jiā  jiāng jūn  yě  bù guò  wǔ shí bù xiào bǎi bù 
20:18,说是太子侍卫 忠心耿耿,-,shuō  shì  tài zi  shì wèi    zhōng xīn gěng gěng 
20:20,最后还不是背信弃义 抛弃主人,-,zuì hòu  hái  bú shì  bèi xìn qì yì    pāo qì  zhǔ rén 
20:24,你们,-,nǐ men 
20:38,别吃了,-,bié  chī  le 
20:41,落灰了还吃,-,luò huī  le  hái  chī 
20:43,停下,-,tíng xià 
20:47,第一 你们口中的太子殿下 正是本人,-,dì yī    nǐ men  kǒu zhōng  de  tài zi  diàn xià    zhèng shì  běn rén 
20:51,我都没说话 你们就不要把我当刀使,-,wǒ  dōu  méi  shuō huà    nǐ men  jiù  bú yào  bǎ  wǒ  dāng  dāo  shǐ 
20:55,第二 既然你们来协助我 ,-,dì èr    jì rán  nǐ men  lái  xié zhù  wǒ   
20:58,那我们到底谁听谁的,-,nà  wǒ men  dào dǐ  shuí  tīng  shuí  de 
21:00,听你的,-,tīng  nǐ  de 
21:02,好 ,-,hǎo   
21:04,那我们来办正事吧,-,nà  wǒ men  lái bàn  zhèng shì  ba 
21:05,谁借我点法力 我要联系灵文,-,shuí  jiè  wǒ  diǎn  fǎ lì    wǒ  yào  lián xì  líng wén 
21:09,你自己的法力呢,-,nǐ  zì jǐ  de  fǎ lì  ne 
21:11,我的不够,-,wǒ  de  bù gòu 
21:22,太子殿下？,-,tài zi  diàn xià  ？ 
21:23,北方可还顺利？,going well in the North?,běi fāng  kě  hái  shùn lì  ？ 
21:25,两位小神官的助力如何,How is the help of the two young priests?,liǎng wèi  xiǎo  shén guān  de  zhù lì  rú hé 
21:28,还好 各有千秋 都是可塑之才,"Fortunately, each has his own strengths and is talented.",hái hǎo    gè yǒu qiān qiū    dōu  shì  kě sù  zhī  cái 
21:32,那就好,That's good. The,nà jiù hǎo 
21:33,北方是裴将军坐镇之地 香火很旺,north is where General Pei is stationed. The incense is very prosperous.,běi fāng  shì  péi jiāng jūn  zuò zhèn  zhī  dì    xiāng huǒ  hěn wàng 
21:37,若是有需要 可在他的明光殿落脚,"If necessary, you can stay in his Mingguang Temple.",ruò  shì  yǒu  xū yào    kě  zài  tā  de  míng guāng  diàn  luò jiǎo 
21:40,我们并未找到明光殿,"We didn't find the Mingguang Temple,",wǒ men  bìng wèi  zhǎo dào  míng guāng  diàn 
21:42,便在一间南阳庙歇下了,so we stayed in a Nanyang Temple.,biàn  zài  yī jiān  nán yáng  miào  xiē xià  le 
21:44,没有明光殿？这倒是奇了,No Mingguang Temple?  This is strange. Is there,méi yǒu  míng guāng  diàn  ？  zhè  dào  shì  qí  le 
21:46,关于诡新郎 还有更多情报吗,"any more information about the strange bridegroom? Yes, the",guān yú  guǐ  xīn láng    hái yǒu  gèng  duō  qíng bào  ma 
21:50,有,-,yǒu 
21:52,诡新郎的评级出来了,rating of the strange bridegroom is out. It is ranked,guǐ  xīn láng  de  píng jí  chū lái  le 
21:54, 位于恶、厉、凶、绝中的第三等 ,"third among evil, fierce, fierce and absolute, second",  wèi yú  è  、  lì  、  xiōng  、  jué zhōng  de  dì sān  děng   
21:59,仅次于绝,only to,jǐn cì yú  jué 
22:01,若放任下去 必定危害重大 伏尸千里,"absolute. If left unchecked, it will definitely cause great harm and thousands of corpses will be",ruò  fàng rèn  xià qù    bì dìng  wēi hài  zhòng dà    fú shī  qiān lǐ 
22:07,还请殿下速战速决,"scattered. Your Highness, please make a quick decision. It took",hái  qǐng  diàn xià  sù zhàn sù jué 
22:12,这么久才出个评级,so long to come up with a rating. The,zhè me jiǔ  cái  chū  gè  píng jí 
22:14,灵文殿效率也太低了,efficiency of Lingwen Palace is too low. The strange,líng wén diàn  xiào lǜ  yě  tài  dī  le 
22:17,诡新郎是凶,bridegroom is a vicious person and the,guǐ  xīn láng  shì  xiōng 
22:18,危害不容小觑,harm cannot be underestimated.,wēi hài  bù róng  xiǎo qù 
22:20,我们要尽快解决,We must solve it as soon as possible.,wǒ men  yào  jǐn kuài  jiě jué 
22:22, 你们有什么想法,What do you think?,  nǐ men  yǒu  shén me  xiǎng fǎ 
22:25,诡新郎既然对新娘子有兴趣,"Since the strange bridegroom is interested in the bride,",guǐ  xīn láng  jì rán  duì  xīn niáng zi  yǒu  xìng qù 
22:27,那便用新娘引他出来,then use the bride to lure him out. But,nà  biàn  yòng  xīn niáng  yǐn  tā  chū lái 
22:29,可假人和障眼法对凶行不通 ,dummies and sleight of hand don't work on vicious people. We,kě  jiǎ rén  hé  zhàng yǎn fǎ  duì  xiōng  xíng bù tōng   
22:31,还是得用活人,still have to use living people.,hái shì  dé  yòng  huó rén 
22:33,并非所有的新娘都会失踪,Not all brides will disappear. There,bìng fēi  suǒ yǒu  de  xīn niáng  dōu  huì  shī zōng 
22:35,应该还有别的条件,should be other conditions. Who cares? Find a,yīng gāi  hái yǒu  bié de  tiáo jiàn 
22:37,管他的 ,-,guǎn  tā  de   
22:39,找个女子来做诱饵 试了再说,"woman as bait and try it. No,",zhǎo  gè  nǚ zǐ  lái  zuò  yòu ěr    shì  le  zài shuō 
22:41,不行,-,bù xíng 
22:42, 万一失手 一个弱女子就是死路一条,"if you fail, a weak woman will be dead. Humph, you",  wàn yī  shī shǒu    yí gè  ruò nǚ zǐ  jiù shì  sǐ lù yī tiáo 
22:45,哼 不能找女子 你还想找男人,"can't find a woman, and you still want to find a man. Where can you find",hēng    bù néng  zhǎo  nǚ zǐ    nǐ  hái  xiǎng  zhǎo  nán rén 
22:48,上哪儿找个男人愿意扮...呃...,a man who is willing to pretend to be... uh...,shàng  nǎ ér  zhǎo  gè  nán rén  yuàn yì  bàn  ...  è  ... 
22:52,诶！,eh!,éi  ！ 
22:55,啊？,ah?,a  ？ 
23:15,如果我是诡新郎,"If I were the tricky groom,",rú guǒ  wǒ  shì  guǐ  xīn láng 
23:17,谁要送这种女人给我…,who would send such a woman to me...,shuí  yào  sòng  zhè zhǒng  nǚ rén  gěi  wǒ  … 
23:19,你就灭了那个镇子？,would you destroy the town?  : : : : : : : : : : : : : : :,nǐ  jiù  miè  le  nà gè  zhèn zi  ？ 
23:20,我就杀了这个女人,-,wǒ  jiù  shā  le  zhè gè  nǚ rén 
23:22,那只能说 幸好我不是,-,nà  zhǐ néng  shuō    xìng hǎo  wǒ  bú shì 
23:24,公 公子,-,gōng    gōng zi 
23:28,你是,-,nǐ  shì 
23:30,你是昨天那个,-,nǐ  shì  zuó tiān  nà gè 
23:32,不不 你不要误会,-,bù  bù    nǐ  bú yào  wù huì 
23:34,我 我没有这种爱好,-,wǒ    wǒ  méi yǒu  zhè zhǒng  ài hào 
23:36,只是为了引出诡新郎 所以...,-,zhǐ shì  wèi le  yǐn chū  guǐ  xīn láng    suǒ yǐ  ... 
23:41,公子 昨天真抱歉 是我误会你了,-,gōng zi    zuó tiān  zhēn  bào qiàn    shì  wǒ  wù huì  nǐ  le 
23:44,听茶摊掌柜说 你们在这儿歇脚 ,-,tīng  chá tān  zhǎng guì  shuō    nǐ men  zài  zhè ér  xiē jiǎo   
23:46,我就带了些吃的来 谢谢你们帮我,-,wǒ  jiù  dài  le  xiē  chī  de  lái    xiè xiè nǐ men  bāng  wǒ 
23:49,举手之劳 姑娘不必在意,-,jǔ shǒu zhī láo    gū niáng  bù bì  zài yì 
23:52,公子 我会改衣服 也会梳妆打扮,-,gōng zi    wǒ huì  gǎi  yī fú    yě  huì  shū zhuāng dǎ bàn 
23:56,要不 我来帮你扮新娘子吧,-,yào  bù    wǒ  lái  bāng  nǐ  bàn  xīn niáng zi  ba 
23:59,这...,-,zhè  ... 
24:12,情况如何,-,qíng kuàng  rú hé 
24:13,轿夫花重金聘了,-,jiào fū  huā  zhòng jīn  pìn  le 
24:14,而且都是当地人,-,ér qiě  dōu  shì  dāng dì rén 
24:16,会些功夫 熟悉道路 能自保,-,huì  xiē  gōng fū    shú xī  dào lù    néng  zì bǎo 
24:20,太子殿下还是多关心自己,-,tài zi  diàn xià  hái shì  duō  guān xīn  zì jǐ 
24:24,他们果然是来抢悬赏的,-,tā men  guǒ rán  shì  lái  qiǎng  xuán shǎng  de 
24:26,小萤这丫头 自己人不帮 偏偏胳膊肘往外拐,-,xiǎo yíng  zhè  yā tou    zì jǐ  rén  bù  bāng    piān piān  gē bó zhǒu  wǎng  wài  guǎi 
24:30,对吧 小彭,-,duì  ba    xiǎo péng 
24:32, 螳螂捕蝉 黄雀在后 ,-,  táng láng bǔ chán    huáng què zài hòu   
24:34,看谁斗得过谁,-,kàn  shuí  dòu  dé  guò  shuí 
24:36,走,-,zǒu 
24:37,嗯 跟上 走,- -,ń    gēn shàng    zǒu 
24:46,小姐 高龄出嫁出阁 感受如何啊,-,xiǎo jiě    gāo líng  chū jià  chū gé    gǎn shòu  rú hé  a 
24:50,甚感遗憾 这送亲队伍里少了很重要的东西,-,shén gǎn  yí hàn    zhè  sòng qīn  duì wǔ  lǐ  shǎo  le  hěn  zhòng yào  de  dōng xī 
24:54,应该都备齐了 还少什么,-,yīng gāi  dōu  bèi qí  le    hái  shǎo  shén me 
24:58,两个陪嫁丫鬟,-,liǎng gè  péi jià  yā huán 
25:00,哼,-,hēng 
25:01,你就当家中贫穷 没钱买丫鬟,-,nǐ  jiù  dāng  jiā zhōng  pín qióng    méi qián mǎi  yā huán 
25:05,好吧,-,hǎo  ba 
25:06,话说 我们到哪儿了,-,huà  shuō    wǒ men  dào  nǎ ér  le 
25:08,进与君山好一会儿了,-,jìn yǔ  jūn shān  hǎo  yī huì er  le 
25:16,怎么了,-,zěn me  le 
25:18,嘘,-,xū 
25:20,你们有听见笑声吗,-,nǐ men  yǒu  tīng jiàn  xiào shēng  ma 
25:23,我没听见任何声音,-,wǒ  méi  tīng jiàn  rèn hé  shēng yīn 
25:25,我也没有,-,wǒ  yě  méi yǒu 
25:28,故意只让我一个人听见,-,gù yì  zhǐ  ràng  wǒ  yí gè  rén  tīng jiàn 
25:32,好 好像有点儿不对劲,-,hǎo    hǎo xiàng  yǒu diǎn ér  bú duì jìn 
25:35,别停 当作无事发生,-,bié  tíng    dàng zuò  wú  shì  fā shēng 
25:41,他在唱歌,-,tā  zài  chàng gē 
25:43,唱的什么,-,chàng  de  shén me 
25:44,泪汪汪 过山岗,-,lèi wāng wāng    guò  shān gǎng 
25:47,盖头下 莫把笑扬,-,gài tóu  xià    mò  bǎ  xiào  yáng 
25:49,什么意思,-,shén me  yì sī 
25:50,警告你不要笑,-,jǐng gào  nǐ  bú yào  xiào 
25:52,也可能是圈套 ,-,yě  kě néng  shì  quān tào   
25:54,或许哭了才会出事,-,huò xǔ  kū  le  cái  huì  chū shì 
25:56,不管我是哭是笑 最坏的结果是什么,-,bù guǎn  wǒ  shì  kū  shì  xiào    zuì  huài  de  jié guǒ  shì  shén me 
26:00,被劫走,-,bèi jié zǒu 
26:02,没错 ,-,méi cuò   
26:03,有一件事 我得告诉你们,-,yǒu  yī jiàn  shì    wǒ  dé  gào sù  nǐ men 
26:06,什么事,-,shén me  shì 
26:08,从上轿起 我就在笑了,-,cóng  shàng  jiào  qǐ    wǒ  jiù  zài  xiào  le 
26:23,狼 是狼 与君山怎么会有狼,-,láng    shì  láng    yǔ  jūn shān  zěn me  huì  yǒu  láng 
26:40,看来是个法阵,-,kàn lái  shì  gè  fǎ  zhèn 
26:41,得找到阵眼,-,dé  zhǎo dào  zhèn yǎn 
26:43,南风 扶摇,-,nán fēng    fú yáo 
26:44,你们那边顶得住吗,-,nǐ men  nà biān  dǐng dé zhù  ma 
26:45,一群畜生 不在话下,-,yī qún  chù shēng    bù zài huà xià 
26:56,鬼啊,-,guǐ  a 
26:58,怎么了,-,zěn me  le 
27:00,你别出来,-,nǐ  bié  chū lái 
27:06,是鄙奴,-,shì  bǐ  nú 
27:07,我最恨这东西,-,wǒ  zuì  hèn  zhè  dōng xī 
27:09,打起来没完没了,-,dǎ  qǐ lái  méi wán méi liǎo 
27:11,被它耗光体力 我们就玩完了,-,bèi  tā  hào guāng  tǐ lì    wǒ men  jiù  wán wán  le 
27:18,灵文殿没说有这个吗,-,líng wén diàn  méi  shuō  yǒu  zhè gè  ma 
27:23,完全没提,-,wán quán  méi  tí 
27:25,来了多少只,-,lái  le  duō shǎo  zhǐ 
27:30,一百多只 可能更多,-,yì bǎi duō zhǐ    kě néng  gèng  duō 
27:33,超过十只就很棘手了 ,-,chāo guò  shí zhǐ  jiù  hěn  jí shǒu  le   
27:35,一百多,-,yì bǎi duō 
27:36,再耗下去就麻烦了,-,zài  hào  xià qù  jiù  má fán  le 
27:42,绞杀,-,jiǎo shā 
27:59,你不是没有法力,-,nǐ  bú shì  méi yǒu  fǎ lì 
28:02,凡事总有例外,-,fán shì  zǒng  yǒu  lì wài 
28:05,你们先走,-,nǐ men  xiān  zǒu 
28:06,什么,-,shén me 
28:07,你们围着轿子 就一直会有东西过来,-,nǐ men  wéi zhe  jiào zi    jiù  yì zhí  huì  yǒu  dōng xī  guò lái 
28:10,打不完的,-,dǎ bù wán  de 
28:11,先带人走,-,xiān dài  rén  zǒu 
28:12,那你,-,nà  nǐ 
28:13,我留下来 会会那诡新郎,-,wǒ  liú xià lái    huì  huì  nà  guǐ  xīn láng 
28:16,有空拉拉扯扯,-,yǒu kòng  lā lā chě chě 
28:17,不如先安顿了他们,-,bù rú  xiān  ān dùn  le  tā men 
28:19,再回来帮忙,-,zài  huí lái  bāng máng 
28:22,这边 我们走,-,zhè biān    wǒ men  zǒu 
29:45,中原有古国仙乐,-,zhōng yuán  yǒu  gǔ guó  xiān lè 
29:48,仙乐有太子谢怜,-,xiān lè  yǒu  tài zi  xiè lián 
29:51,太子心怀苍生 一心修行,-,tài zi  xīn huái  cāng shēng    yī xīn  xiū xíng 
29:54,其美谈 在民间广为流传,- -,qí  měi tán    zài  mín jiān  guǎng wèi liú chuán 
30:00,神武大街惊鸿一瞥,-,shén wǔ  dà jiē  jīng hóng yī piē 
30:15,救坠楼小儿于万民之前,-,jiù  zhuì lóu  xiǎo ér  yú  wàn mín  zhī qián 
30:30,一念桥头激然一剑,-,yī  niàn  qiáo tóu  jī rán  yī jiàn 
30:33,斩厉鬼于三问之间,-,zhǎn  lì guǐ  yú  sān  wèn  zhī jiān 
31:19,天帝感曰,-,tiān dì  gǎn  yuē 
31:20, 此子前途无量非凡,-,  cǐ zi  qián tú wú liàng  fēi fán 
31:23,太子年少飞升 位列仙班,- -,tài zi  nián shào  fēi shēng    wèi liè  xiān bān 
31:56,然好景不长 ,-,rán  hǎo jǐng bù cháng   
31:58,仙乐国难,-,xiān lè  guó nàn 
32:00,太子自私下凡救国无果,-,tài zi  zì sī  xià fán  jiù guó  wú guǒ 
32:03,遭贬凡间,-,zāo  biǎn  fán jiān 
32:05,要我说 风信慕情走得好,-,yào  wǒ  shuō    fēng xìn  mù qíng  zǒu  dé  hǎo 
32:07,感情深有什么用 没前途啊 -神官之耻 三界笑柄,-,gǎn qíng  shēn  yǒu  shén me  yòng    méi qián tú  a    -  shén guān  zhī  chǐ    sān jiè  xiào bǐng 
32:10,之后谢怜又飞升 还不是一炷香就下去了,-,zhī hòu  xiè lián  yòu  fēi shēng    hái  bú shì  yī zhù xiāng  jiù  xià qù  le 
32:59,如果不知为何而活,-,rú guǒ  bù zhī  wèi hé  ér  huó 
33:01, 那就为我活下去吧,-,  nà  jiù  wèi  wǒ  huó xià qù  ba 
